user,name
JoeyShaw,Andropogon_virginicus_1
JoeyShaw,Dichanthelium_laxiflorum_1
JoeyShaw,Mosla_dianthera_1
JoeyShaw,Ambrosia_artemisiifolia_1
JoeyShaw,Quercus_stellata_1
JoeyShaw,Lespedeza_cuneata_1
JoeyShaw,Panicum_anceps_1
JoeyShaw,Kummerowia_striata_1
JoeyShaw,Liquidambar_styraciflua_1
JoeyShaw,Liriodendron_tulipifera_2
JoeyShaw,Schizachyrium_scoparium_1
JoeyShaw,Pinus_taeda_1
JoeyShaw,Mosla_dianthera_2
JoeyShaw,Microstegium_vimineum_1
JoeyShaw,Ilex_3
JoeyShaw,Pinus_taeda_1
JoeyShaw,Pycnanthemum_tenuifolium_1
JoeyShaw,Desmodium_laevigatum_1
JoeyShaw,Quercus_falcata_1
JoeyShaw,Sassafras_albidum_1
JoeyShaw,Carya_tomentosa_1
JoeyShaw,Liquidambar_styraciflua_1
JoeyShaw,Toxicodendron_radicans_1
JoeyShaw,Quercus_alba_2
JoeyShaw,Pinus_taeda_1
JoeyShaw,Rhus_glabra_3
JoeyShaw,Boehmeria_cylindrica_2
JoeyShaw,Platanus_occidentalis_1
JoeyShaw,Helenium_1
JoeyShaw,Ludwigia_palustris_6
JoeyShaw,Ludwigia_alternifolia_4
JoeyShaw,Cyperoideae_4
JoeyShaw,Carex_vulpinoidea_1
JoeyShaw,Scirpus_georgianus_3
JoeyShaw,Typha_latifolia_2
JoeyShaw,Pinus_taeda_1
JoeyShaw,Pycnanthemum_4
JoeyShaw,Onoclea_sensibilis_1
JoeyShaw,Vitis_aestivalis_1
JoeyShaw,Corylus_americana_1
JoeyShaw,Poaceae_1
JoeyShaw,Fraxinus_americana_1
JoeyShaw,Liriodendron_tulipifera_1
JoeyShaw,Cunila_origanoides_1
JoeyShaw,Quercus_alba_1
JoeyShaw,Liquidambar_styraciflua_1
JoeyShaw,Leucobryum_glaucum_1
JoeyShaw,Carya_ovalis_1
JoeyShaw,Quercus_falcata_1
JoeyShaw,Pteridium_aquilinum_1
JoeyShaw,Microstegium_vimineum_1
JoeyShaw,Hypericum_stragulum_1
JoeyShaw,Polystichum_acrostichoides_1
JoeyShaw,Liquidambar_styraciflua_1
JoeyShaw,Parthenocissus_quinquefolia_1
JoeyShaw,Vitis_rotundifolia_1
JoeyShaw,Smilax_1
JoeyShaw,Nyssa_sylvatica_1
JoeyShaw,Amelanchier_arborea_1
JoeyShaw,Quercus_coccinea_1
JoeyShaw,Smilax_rotundifolia_1
JoeyShaw,Diospyros_virginiana_3
JoeyShaw,Lespedeza_cuneata_1
JoeyShaw,Magnoliopsida_1
JoeyShaw,Pinus_taeda_1
JoeyShaw,Toxicodendron_radicans_1
JoeyShaw,Passiflora_incarnata_1
JoeyShaw,Pinus_taeda_1
JoeyShaw,Heliopsis_helianthoides_7
JoeyShaw,Paspalum_dilatatum_5
JoeyShaw,Eleocharis_obtusa_2
JoeyShaw,Cyperus_2
JoeyShaw,Potamogeton_4
JoeyShaw,Liriodendron_tulipifera_1
JoeyShaw,Gleditsia_triacanthos_3
JoeyShaw,Panicum_virgatum_4
JoeyShaw,Agrimonia_parviflora_5
JoeyShaw,Lonicera_japonica_1
JoeyShaw,Quercus_falcata_1
JoeyShaw,Ulmus_alata_1
JoeyShaw,Microstegium_vimineum_1
JoeyShaw,Boehmeria_cylindrica_1
JoeyShaw,Polystichum_acrostichoides_1
JoeyShaw,Prunus_serotina_1
JoeyShaw,Ilex_decidua_1
JoeyShaw,Liquidambar_styraciflua_1
JoeyShaw,Pinus_taeda_1
JoeyShaw,Nyssa_sylvatica_1
JoeyShaw,Acer_rubrum_1
JoeyShaw,Nyssa_sylvatica_1
JoeyShaw,Rhus_copallinum_1
JoeyShaw,Pinus_taeda_1
JoeyShaw,Quercus_falcata_1
JoeyShaw,Robinia_pseudoacacia_2
JoeyShaw,Pinus_taeda_1
JoeyShaw,Lespedeza_procumbens_1
JoeyShaw,Pinus_taeda_1
JoeyShaw,Lonicera_japonica_1
JoeyShaw,Quercus_falcata_1
JoeyShaw,Quercus_alba_1
JoeyShaw,Ilex_decidua_1
JoeyShaw,Carex_glaucodea_1
JoeyShaw,Aralia_spinosa_1
JoeyShaw,Lonicera_japonica_1
JoeyShaw,Aralia_spinosa_1
JoeyShaw,Liquidambar_styraciflua_1
JoeyShaw,Pinus_virginiana_1
JoeyShaw,Magnoliopsida_1
JoeyShaw,Toxicodendron_radicans_1
JoeyShaw,Platanus_occidentalis_1
JoeyShaw,Sassafras_albidum_1
JoeyShaw,Clematis_virginiana_1
JoeyShaw,Polystichum_acrostichoides_1
JoeyShaw,Pinus_taeda_1
JoeyShaw,Polystichum_acrostichoides_1
JoeyShaw,Scutellaria_incana_5
JoeyShaw,Eupatorium_4
JoeyShaw,Elephantopus_carolinianus_1
JoeyShaw,Magnoliopsida_1
JoeyShaw,Microstegium_vimineum_1
JoeyShaw,Tripsacum_dactyloides_2
JoeyShaw,Pinus_taeda_1
JoeyShaw,Pinus_taeda_1
JoeyShaw,Malus_coronaria_1
JoeyShaw,Pinus_virginiana_3
JoeyShaw,Quercus_marilandica_1
JoeyShaw,Antennaria_plantaginifolia_1
JoeyShaw,Ulmus_alata_1
JoeyShaw,Pyrus_calleryana_6
JoeyShaw,Ilex_decidua_5
JoeyShaw,Lonicera_japonica_1
JoeyShaw,Bromus_pubescens_4
JoeyShaw,Pinus_virginiana_1
JoeyShaw,Cercis_canadensis_1
JoeyShaw,Daucus_carota_1
JoeyShaw,Rosa_multiflora_1
JoeyShaw,Celtis_laevigata_1
JoeyShaw,Lobelia_puberula_4
JoeyShaw,Crotalaria_sagittalis_5
JoeyShaw,Agalinis_1
JoeyShaw,Ambrosia_artemisiifolia_2
JoeyShaw,Tracheophyta_3
JoeyShaw,Liatris_squarrosa_1
JoeyShaw,Diodia_teres_1
JoeyShaw,Ambrosia_artemisiifolia_1
JoeyShaw,Solidago_nemoralis_1
JoeyShaw,Ambrosia_artemisiifolia_1
JoeyShaw,Verbesina_virginica_2
JoeyShaw,Solidago_nemoralis_1
JoeyShaw,Linum_sulcatum_3
JoeyShaw,Plantago_aristata_1
JoeyShaw,Croton_6
JoeyShaw,Eryngium_yuccifolium_4
JoeyShaw,Hypericum_perforatum_3
JoeyShaw,Elaeagnus_umbellata_1
JoeyShaw,Vernonia_missurica_4
JoeyShaw,Parthenium_integrifolium_1
JoeyShaw,Tephrosia_virginiana_1
JoeyShaw,Liatris_squarrosa_1
JoeyShaw,Quercus_acutissima_3
JoeyShaw,Liatris_squarrosa_1
JoeyShaw,Quercus_acutissima_6
JoeyShaw,Malus_coronaria_3
JoeyShaw,Cyperus_4
JoeyShaw,Cyperus_echinatus_3
JoeyShaw,Rhus_copallinum_3
JoeyShaw,Parthenium_integrifolium_2
JoeyShaw,Quercus_marilandica_1
JoeyShaw,Coreopsis_tripteris_5
JoeyShaw,Parthenium_integrifolium_1
JoeyShaw,Microstegium_vimineum_1
JoeyShaw,Setaria_parviflora_2
JoeyShaw,Sabatia_angularis_1
JoeyShaw,Melilotus_albus_7
JoeyShaw,Chamaecrista_fasciculata_1
JoeyShaw,Elymus_glabriflorus_3
JoeyShaw,Schizachyrium_scoparium_1
JoeyShaw,Ambrosia_artemisiifolia_1
JoeyShaw,Agalinis_tenuifolia_1
JoeyShaw,Coreopsis_tripteris_3
JoeyShaw,Sabatia_angularis_1
JoeyShaw,Monarda_fistulosa_1
JoeyShaw,Coreopsis_tripteris_2
JoeyShaw,Chamaecrista_fasciculata_1
JoeyShaw,Ambrosia_artemisiifolia_1
JoeyShaw,Diodia_teres_1
JoeyShaw,Polygala_verticillata_1
JoeyShaw,Lechea_2
JoeyShaw,Helianthus_5
JoeyShaw,Hypericum_drummondii_1
JoeyShaw,Liatris_squarrosa_1
JoeyShaw,Scleria_1
JoeyShaw,Parthenium_integrifolium_1
JoeyShaw,Rhus_copallinum_1
JoeyShaw,Prunus_serotina_1
JoeyShaw,Albizia_julibrissin_2
DwayneEstes,Arctostaphylos_pungens_1
DwayneEstes,Quercus_6
DwayneEstes,Quercus_turbinella_8
DwayneEstes,Ipomopsis_longiflora_8
DwayneEstes,Dasylirion_1
DwayneEstes,Faboideae_3
DwayneEstes,Lupinus_argenteus_10
DwayneEstes,Hypericum_4
DwayneEstes,Anemone_multifida_3
DwayneEstes,Sida_spinosa_4
DwayneEstes,Glandularia_bipinnatifida_3
DwayneEstes,Pinus_ponderosa_8
DwayneEstes,Castilleja_7
DwayneEstes,Abies_concolor_6
DwayneEstes,Aquilegia_chrysantha_4
DwayneEstes,Faboideae_5
DwayneEstes,Fragaria_3
DwayneEstes,Solidago_6
DwayneEstes,Heterotheca_4
DwayneEstes,Ipomopsis_5
DwayneEstes,Ribes_6
DwayneEstes,Penstemon_11
DwayneEstes,Atriplex_canescens_8
DwayneEstes,Eriogonum_7
DwayneEstes,Quercus_arizonica_7
DwayneEstes,Yucca_madrensis_7
DwayneEstes,Quercus_4
DwayneEstes,Rhus_microphylla_3
DwayneEstes,Mimosa_aculeaticarpa_4
DwayneEstes,Cirsium_4
DwayneEstes,Ptelea_trifoliata_2
DwayneEstes,Nolina_3
DwayneEstes,Philadelphus_4
DwayneEstes,Clematis_12
DwayneEstes,Agave_14
DwayneEstes,Cercocarpus_6
DwayneEstes,Potentilla_6
DwayneEstes,Heuchera_novomexicana_4
DwayneEstes,Eriogonum_8
DwayneEstes,Plantae_2
DwayneEstes,Plantae_4
DwayneEstes,Rhus_4
DwayneEstes,Ceanothus_7
DwayneEstes,Lithospermum_11
DwayneEstes,Celtis_reticulata_3
DwayneEstes,Fabaceae_3
DwayneEstes,Dermatophyllum_secundiflorum_6
DwayneEstes,Aristida_3
DwayneEstes,Fouquieria_splendens_1
DwayneEstes,Opuntia_5
DwayneEstes,Astrolepis_2
DwayneEstes,Magnoliopsida_4
DwayneEstes,Berberis_trifoliolata_2
DwayneEstes,Magnoliopsida_2
DwayneEstes,Juglans_microcarpa_5
DwayneEstes,Solanum_elaeagnifolium_4
DwayneEstes,Rosales_4
DwayneEstes,Ephedra_3
DwayneEstes,Ptelea_trifoliata_3
DwayneEstes,Quercus_7
DwayneEstes,Phoradendron_4
DwayneEstes,Quercus_gambelii_4
DwayneEstes,Magnoliopsida_8
DwayneEstes,Rhamnus_4
DwayneEstes,Alnus_6
DwayneEstes,Rhus_aromatica_pilosissima_3
DwayneEstes,Prunus_serotina_eximia_4
DwayneEstes,Clematis_7
DwayneEstes,Datura_3
DwayneEstes,Quercus_hypoleucoides_8
DwayneEstes,Eriogonum_7
DwayneEstes,Yucca_8
DwayneEstes,Lupinus_8
DwayneEstes,Asteraceae_8
DwayneEstes,Juglans_major_6
DwayneEstes,Polygala_alba_4
DwayneEstes,Fallugia_paradoxa_4                                                                                                    DwayneEstes,Cucurbita_foetidissima_2
DwayneEstes,Fuirena_simplex_1
DwayneEstes,Penstemon_4
DwayneEstes,Fallugia_paradoxa_6
DwayneEstes,Brickellia_2
DwayneEstes,Cladium_2
DwayneEstes,Berberis_1
DwayneEstes,Philadelphus_4
DwayneEstes,Rubus_serissimus_3
DwayneEstes,Rhus_lanceolata_2
DwayneEstes,Prunus_serotina_eximia_3
DwayneEstes,Adiantum_capillus-veneris_1
DwayneEstes,Solidago_altissima_gilvocanescens_7
DwayneEstes,Lobelia_4
DwayneEstes,Elymus_canadensis_3
DwayneEstes,Panicum_virgatum_2
DwayneEstes,Arbutus_xalapensis_8
DwayneEstes,Ungnadia_speciosa_3
DwayneEstes,Rhus_aromatica_pilosissima_4
DwayneEstes,Choisya_4
DwayneEstes,Arbutus_xalapensis_4
DwayneEstes,Astrolepis_4
DwayneEstes,Sisyrinchium_scabrum_4
DwayneEstes,Quercus_muehlenbergii_4
DwayneEstes,Agave_parryi_11
DwayneEstes,Plantae_3
DwayneEstes,Quercus_grisea_5
DwayneEstes,Pinus_ponderosa_7
DwayneEstes,Acalypha_2
DwayneEstes,Eragrostis_3
DwayneEstes,Plantae_4
DwayneEstes,Castilleja_integra_5
DwayneEstes,Amorpha_fruticosa_7
DwayneEstes,Solidago_wrightii_4
DwayneEstes,Scutellaria_potosina_4
DwayneEstes,Clematis_pitcheri_dictyota_6
DwayneEstes,Grindelia_6
DwayneEstes,Festuca_4
DwayneEstes,Juglans_microcarpa_4
DwayneEstes,Penstemon_barbatus_4
DwayneEstes,Plantae_4
DwayneEstes,Galium_6
DwayneEstes,Acer_grandidentatum_2
DwayneEstes,Mentheae_5
DwayneEstes,Lomatium_4
DwayneEstes,Heterotheca_villosa_10
DwayneEstes,Plantae_4
DwayneEstes,Yucca_elata_12
DwayneEstes,Plantae_5
DwayneEstes,Dalea_formosa_4
DwayneEstes,Senna_roemeriana_4
DwayneEstes,Buddleja_marrubiifolia_4
DwayneEstes,Plantae_4
DwayneEstes,Fouquieria_splendens_3
DwayneEstes,Astrolepis_4
DwayneEstes,Plantae_5
DwayneEstes,Echinocereus_chloranthus_2
DwayneEstes,Plantae_4
DwayneEstes,Eriogonum_havardii_8
DwayneEstes,Opuntia_phaeacantha_4
DwayneEstes,Nolina_microcarpa_6
DwayneEstes,Quercus_stellata_3
DwayneEstes,Quercus_marilandica_2
DwayneEstes,Iris_cristata_2
DwayneEstes,Solidago_ulmifolia_1
DwayneEstes,Stylosanthes_biflora_1
DwayneEstes,Hypericum_virgatum_3
DwayneEstes,Lespedeza_procumbens_3
DwayneEstes,Liquidambar_styraciflua_1
DwayneEstes,Quercus_stellata_4
DwayneEstes,Quercus_falcata_2
DwayneEstes,Ostrya_virginiana_2
DwayneEstes,Symphoricarpos_orbiculatus_1
DwayneEstes,Cocculus_carolinus_2
DwayneEstes,Blephilia_ciliata_4
DwayneEstes,Solidago_caesia_4
DwayneEstes,Ulmus_americana_1
DwayneEstes,Morus_rubra_2
DwayneEstes,Acer_floridanum_2
DwayneEstes,Gleditsia_triacanthos_3
DwayneEstes,Lindera_benzoin_1
DwayneEstes,Rudbeckia_triloba_4
DwayneEstes,Phlox_paniculata_4
DwayneEstes,Betula_nigra_2
DwayneEstes,Cornus_amomum_2
DwayneEstes,Zea_mays_1
DwayneEstes,Xanthium_strumarium_1
DwayneEstes,Acalypha_ostryifolia_1
DwayneEstes,Senna_obtusifolia_1
DwayneEstes,Liatris_squarrosa_4
DwayneEstes,Quercus_marilandica_2
DwayneEstes,Quercus_marilandica_3
DwayneEstes,Quercus_coccinea_1
DwayneEstes,Elymus_glabriflorus_2
DwayneEstes,Quercus_stellata_2
DwayneEstes,Verbesina_virginica_1
DwayneEstes,Teucrium_canadense_1
DwayneEstes,Bromus_pubescens_1
DwayneEstes,Quercus_stellata_4
DwayneEstes,Helianthus_divaricatus_1
DwayneEstes,Tephrosia_virginiana_1
DwayneEstes,Quercus_stellata_2
DwayneEstes,Quercus_marilandica_2
DwayneEstes,Parthenium_integrifolium_3
DwayneEstes,Symphyotrichum_undulatum_6
DwayneEstes,Asclepias_variegata_1
DwayneEstes,Quercus_marilandica_3
DwayneEstes,Quercus_marilandica_3
DwayneEstes,Quercus_alba_3
DwayneEstes,Quercus_stellata_2
DwayneEstes,Quercus_imbricaria_3
DwayneEstes,Quercus_marilandica_2
DwayneEstes,Quercus_3
DwayneEstes,Senna_marilandica_4
DwayneEstes,Quercus_marilandica_3
DwayneEstes,Quercus_marilandica_1
DwayneEstes,Ilex_decidua_4
DwayneEstes,Quercus_stellata_2
DwayneEstes,Tephrosia_virginiana_1
DwayneEstes,Asclepias_variegata_4
DwayneEstes,Quercus_stellata_2
DwayneEstes,Quercus_marilandica_3
DwayneEstes,Pinus_taeda_2
